,KIC,KOI,Kepler,Period,Rp
13,6521045,41.01, Kepler-100 c  ,12.81590514,2.269
14,6521045,41.02, Kepler-100 b  ,6.88707653,1.27
15,6521045,41.03, Kepler-100 d  ,35.333574,1.528
23,6850504,70.01, Kepler-20 c   ,10.85409146,2.815
24,6850504,70.02, Kepler-20 b   ,3.6961217,1.71
25,6850504,70.03, Kepler-20 d   ,77.6113425,2.503
26,6850504,70.04, Kepler-20 e   ,6.09854476,0.807
27,6850504,70.05, Kepler-20 f   ,19.57772139,0.868
32,10187017,82.01, Kepler-102 e  ,16.14567465,2.175
33,10187017,82.02, Kepler-102 d  ,10.31172605,1.177
34,10187017,82.03, Kepler-102 f  ,27.45362377,0.833
35,10187017,82.04, Kepler-102 c  ,7.07134469,0.575
36,10187017,82.05, Kepler-102 b  ,5.28689179,0.461
37,10187017,82.06,               ,22.4100071,0.601
39,5866724,85.01, Kepler-65 c   ,5.8599363,2.619
40,5866724,85.02, Kepler-65 b   ,2.15490986,1.46
41,5866724,85.03, Kepler-65 d   ,8.13120523,1.539
46,6462863,94.01, Kepler-89 d   ,22.34295404,10.242
47,6462863,94.02, Kepler-89 c   ,10.42367242,3.859
48,6462863,94.03, Kepler-89 e   ,54.32005919,6.105
49,6462863,94.04, Kepler-89 b   ,3.74315826,1.596
62,6678383,111.01, Kepler-104 b  ,11.42754491,2.375
63,6678383,111.02, Kepler-104 c  ,23.66832881,2.265
64,6678383,111.03, Kepler-104 d  ,51.75535987,2.63
67,9579641,115.01, Kepler-105 b  ,5.41220432,2.522
68,9579641,115.02, Kepler-105 c  ,7.1259213,1.431
69,9579641,115.03,               ,3.43589876,0.517
70,8395660,116.01, Kepler-106 c  ,13.57077256,2.384
71,8395660,116.02, Kepler-106 e  ,43.84443349,2.622
72,8395660,116.03, Kepler-106 b  ,6.16489698,0.795
73,8395660,116.04, Kepler-106 d  ,23.98008894,1.078
74,10875245,117.01, Kepler-107 e  ,14.74916437,2.996
75,10875245,117.02, Kepler-107 c  ,4.90143997,1.712
76,10875245,117.03, Kepler-107 b  ,3.18002806,1.585
77,10875245,117.04, Kepler-107 d  ,7.95826316,1.019
92,8644288,137.01, Kepler-18 c   ,7.64156004,4.212
93,8644288,137.02, Kepler-18 d   ,14.85892272,5.077
94,8644288,137.03, Kepler-18 b   ,3.5047162,1.589
100,5735762,148.01, Kepler-48 b   ,4.77800429,1.795
101,5735762,148.02, Kepler-48 c   ,9.67394317,2.537
102,5735762,148.03, Kepler-48 d   ,42.89631119,1.943
107,8394721,152.01, Kepler-79 d   ,52.0908098,7.102
108,8394721,152.02, Kepler-79 c   ,27.40222239,3.64
109,8394721,152.03, Kepler-79 b   ,13.48455808,3.399
110,8394721,152.04, Kepler-79 e   ,81.0636284,2.908
114,10925104,156.01, Kepler-114 c  ,8.04132617,1.742
115,10925104,156.02, Kepler-114 b  ,5.18856562,1.359
116,10925104,156.03, Kepler-114 d  ,11.77613082,2.713
117,6541920,157.01, Kepler-11 c   ,13.0249172,3.009
118,6541920,157.02, Kepler-11 d   ,22.68714058,3.374
119,6541920,157.03, Kepler-11 e   ,31.99551734,4.031
120,6541920,157.04, Kepler-11 f   ,46.68586636,2.638
121,6541920,157.05, Kepler-11 g   ,118.3785683,3.575
122,6541920,157.06, Kepler-11 b   ,10.30403028,1.929
131,11512246,168.01, Kepler-23 c   ,10.74246051,3.031
132,11512246,168.02, Kepler-23 d   ,15.27444881,2.15
133,11512246,168.03, Kepler-23 b   ,7.10694344,1.715
148,5972334,191.01, Kepler-487 b  ,15.35876634,11.105
149,5972334,191.02, Kepler-487 d  ,2.41840732,2.356
150,5972334,191.03,               ,0.70862073,1.255
151,5972334,191.04, Kepler-487 c  ,38.65214986,2.163
152,5972334,191.05,               ,6.02228169,1.297
187,4833421,232.01, Kepler-122 c  ,12.46600663,5.9
188,4833421,232.02, Kepler-122 b  ,5.76616198,2.387
189,4833421,232.03, Kepler-122 d  ,21.58716169,2.298
190,4833421,232.04, Kepler-122 e  ,37.99502171,2.526
191,4833421,232.05, Kepler-122 f  ,56.26000307,2.336
195,7219825,238.01, Kepler-123 b  ,17.23237226,3.026
196,7219825,238.02, Kepler-123 c  ,26.69546815,1.542
197,7219825,238.03,               ,362.9982898,2.139
201,11288051,241.01, Kepler-124 c  ,13.82141149,2.048
202,11288051,241.02, Kepler-124 d  ,30.95084894,1.285
203,11288051,241.03, Kepler-124 b  ,3.41044229,0.869
207,8478994,245.01, Kepler-37 d   ,39.79220971,1.937
208,8478994,245.02, Kepler-37 c   ,21.30180117,0.732
209,8478994,245.03, Kepler-37 b   ,13.36703858,0.345
213,5364071,248.01, Kepler-49 b   ,7.20386128,2.606
214,5364071,248.02, Kepler-49 c   ,10.91276664,2.325
215,5364071,248.03, Kepler-49 d   ,2.5765741,1.811
216,5364071,248.04, Kepler-49 e   ,18.59617273,1.777
218,9757613,250.01, Kepler-26 b   ,12.28301501,3.176
219,9757613,250.02, Kepler-26 c   ,17.25119579,2.741
220,9757613,250.03, Kepler-26 d   ,3.54390988,1.349
221,9757613,250.04, Kepler-26 e   ,46.82770316,2.366
231,8292840,260.01, Kepler-126 b  ,10.4956701,1.459
232,8292840,260.02, Kepler-126 d  ,100.2830677,2.643
233,8292840,260.03, Kepler-126 c  ,21.86964346,1.585
244,9451706,271.01, Kepler-127 d  ,48.63035512,2.568
245,9451706,271.02, Kepler-127 c  ,29.39325463,2.522
246,9451706,271.03, Kepler-127 b  ,14.43599649,1.447
256,12314973,279.01, Kepler-450 b  ,28.45491114,6.146
257,12314973,279.02, Kepler-450 c  ,15.41313164,2.655
258,12314973,279.03, Kepler-450 d  ,7.51430567,0.975
261,5088536,282.01, Kepler-130 c  ,27.50869526,2.889
262,5088536,282.02, Kepler-130 b  ,8.45738906,1.007
263,5088536,282.03, Kepler-130 d  ,87.51723509,1.333
264,5695396,283.01, Kepler-131 b  ,16.09195471,2.04
265,5695396,283.02, Kepler-131 c  ,25.51746034,0.824
266,5695396,283.03,               ,9.48820239,0.723
267,6021275,284.01, Kepler-132 d  ,18.01013824,1.394
268,6021275,284.02, Kepler-132 c  ,6.41490683,1.15
269,6021275,284.03, Kepler-132 b  ,6.1781812,1.056
270,6021275,284.04, Kepler-132 e  ,110.2872308,1.264
271,6196457,285.01, Kepler-92 b   ,13.74883666,3.652
272,6196457,285.02, Kepler-92 c   ,26.72313369,2.47
273,6196457,285.03, Kepler-92 d   ,49.35688702,2.02
302,7603200,314.01, Kepler-138 c  ,13.78108283,1.48
303,7603200,314.02, Kepler-138 d  ,23.08898942,1.321
304,7603200,314.03, Kepler-138 b  ,10.31305565,0.632
306,8008067,316.01, Kepler-139 b  ,15.77108417,2.426
307,8008067,316.02, Kepler-139 c  ,157.0658105,2.452
308,8008067,316.03,               ,7.30570359,1.701
329,10587105,339.01, Kepler-529 b  ,1.98035832,6.602
330,10587105,339.02, Kepler-529 c  ,12.83440399,6.626
331,10587105,339.03, Kepler-529 d  ,35.86596567,6.369
334,10982872,343.01, Kepler-142 c  ,4.76170798,2.453
335,10982872,343.02, Kepler-142 b  ,2.0241437,1.71
336,10982872,343.03, Kepler-142 d  ,41.80844303,1.528
343,11442793,351.01, Kepler-90 h   ,331.5973066,10.777
344,11442793,351.02, Kepler-90 g   ,210.7307044,7.614
345,11442793,351.03, Kepler-90 d   ,59.73725869,2.843
346,11442793,351.04, Kepler-90 e   ,91.9400901,2.623
347,11442793,351.05, Kepler-90 c   ,8.71984892,1.513
348,11442793,351.06, Kepler-90 b   ,7.00823625,1.286
349,11442793,351.07, Kepler-90 f   ,124.9218471,2.641
350,11442793,351.08, Kepler-90 i   ,14.44913641,1.11
353,11566064,353.01,               ,152.1058259,10.659
354,11566064,353.02, Kepler-1717 b ,30.65267777,2.536
355,11566064,353.03,               ,11.1619678,1.719
356,11568987,354.01, Kepler-534 b  ,15.95998603,2.186
357,11568987,354.02, Kepler-534 c  ,7.37862208,1.07
358,11568987,354.03,               ,27.13806099,0.921
374,3323887,377.01, Kepler-9 b    ,19.24631307,7.853
375,3323887,377.02, Kepler-9 c    ,38.95896893,7.783
376,3323887,377.03, Kepler-9 d    ,1.59296118,1.52
388,9946525,398.01, Kepler-148 d  ,51.84690672,8.619
389,9946525,398.02, Kepler-148 c  ,4.18004467,3.448
390,9946525,398.03, Kepler-148 b  ,1.72937069,1.819
391,3217264,401.01, Kepler-149 b  ,29.19898262,4.353
392,3217264,401.02, Kepler-149 d  ,160.0193541,3.829
393,3217264,401.03, Kepler-149 c  ,55.32888438,1.757
394,5351250,408.01, Kepler-150 c  ,7.38198936,3.27
395,5351250,408.02, Kepler-150 d  ,12.56091384,2.627
396,5351250,408.03, Kepler-150 e  ,30.82609632,2.334
397,5351250,408.04, Kepler-150 b  ,3.42804548,1.16
398,5351250,408.06,               ,637.2480608,3.593
403,6508221,416.01, Kepler-152 b  ,18.20795268,2.961
404,6508221,416.02, Kepler-152 c  ,88.25536892,2.495
405,6508221,416.03,               ,9.74756597,0.77
406,6508221,416.04,               ,31.53403359,0.79
407,6508221,416.05,               ,4.11955211,0.525
411,10189546,427.01,               ,24.61485437,3.432
412,10189546,427.02, Kepler-549 b  ,42.94955401,2.495
413,10189546,427.03, Kepler-549 c  ,117.0424474,2.249
423,11709124,435.01, Kepler-154 d  ,20.5498169,4.198
424,11709124,435.03, Kepler-154 b  ,33.04053863,2.527
425,11709124,435.04, Kepler-154 e  ,3.93278092,1.624
426,11709124,435.05, Kepler-154 c  ,62.30263211,3.092
427,11709124,435.06, Kepler-154 f  ,9.91939956,1.436
433,3745690,442.01, Kepler-157 c  ,13.54053864,2.314
434,3745690,442.02, Kepler-157 b  ,1.73234167,1.459
435,3745690,442.03, Kepler-157 d  ,7.0257493,1.491
465,10460984,474.01, Kepler-164 c  ,10.94578822,2.373
466,10460984,474.02, Kepler-164 d  ,28.98692645,2.235
467,10460984,474.04, Kepler-164 b  ,5.03505983,1.282
475,11192998,481.01, Kepler-166 b  ,7.6502455,2.412
476,11192998,481.02, Kepler-166 d  ,1.55400115,1.66
477,11192998,481.03, Kepler-166 c  ,34.25955548,2.522
483,3239945,490.01, Kepler-167 b  ,4.39316065,1.531
484,3239945,490.02, Kepler-167 e  ,1071.232713,9.82
485,3239945,490.03, Kepler-167 c  ,7.40609383,1.481
486,3239945,490.04, Kepler-167 d  ,21.80364252,1.139
493,4852528,500.01, Kepler-80 b   ,7.05352865,2.596
494,4852528,500.02, Kepler-80 c   ,9.52164568,2.606
495,4852528,500.03, Kepler-80 d   ,3.07215234,1.573
496,4852528,500.04, Kepler-80 e   ,4.64539336,1.607
497,4852528,500.05, Kepler-80 f   ,0.98678597,1.414
498,4852528,500.06, Kepler-80 g   ,14.64538173,1.235
502,5689351,505.01, Kepler-169 e  ,13.76710208,1.876
503,5689351,505.02, Kepler-169 c  ,6.19544791,1.237
504,5689351,505.03, Kepler-169 b  ,3.25056897,1.06
505,5689351,505.04, Kepler-169 d  ,8.34818212,1.225
506,5689351,505.05, Kepler-169 f  ,87.0911645,2.403
510,6381846,509.01, Kepler-171 b  ,4.16696215,2.714
511,6381846,509.02, Kepler-171 c  ,11.46349762,2.99
512,6381846,509.03, Kepler-171 d  ,39.60630445,2.211
513,6422155,510.01, Kepler-172 b  ,2.94030314,2.272
514,6422155,510.02, Kepler-172 c  ,6.38898868,2.427
515,6422155,510.03, Kepler-172 d  ,14.62708988,2.076
516,6422155,510.04, Kepler-172 e  ,35.11862043,2.399
522,8017703,518.01, Kepler-174 b  ,13.98179504,2.205
523,8017703,518.02, Kepler-174 c  ,44.00029983,1.69
524,8017703,518.03, Kepler-174 d  ,247.3546796,2.483
527,8037145,520.01, Kepler-176 c  ,12.75933213,2.303
528,8037145,520.02, Kepler-176 b  ,5.43312253,1.403
529,8037145,520.03, Kepler-176 d  ,25.75279012,2.104
530,8037145,520.04, Kepler-176 e  ,51.16575644,1.251
539,9941859,528.01, Kepler-178 b  ,9.57666496,2.394
540,9941859,528.02, Kepler-178 d  ,96.67842374,2.713
541,9941859,528.03, Kepler-178 c  ,20.55273599,2.369
554,11669239,542.01, Kepler-180 c  ,41.8852866,2.492
555,11669239,542.02, Kepler-180 b  ,13.81743544,1.416
556,11669239,542.03,               ,7.55531428,0.894
561,12116489,547.01, Kepler-595 b  ,25.30293703,3.794
562,12116489,547.02,               ,7.34671695,0.9
563,12116489,547.03, Kepler-595 c  ,12.38603302,1.026
577,6786037,564.01, Kepler-603 b  ,21.0861997,4.323
578,6786037,564.02, Kepler-603 c  ,127.9089824,9.763
579,6786037,564.03, Kepler-603 d  ,6.21712927,2.257
580,7119481,566.01, Kepler-604 b  ,25.85495982,2.668
581,7119481,566.02,               ,14.15716646,1.228
582,7119481,566.03,               ,42.06694616,1.455
583,7445445,567.01, Kepler-184 b  ,10.68759102,2.304
584,7445445,567.02, Kepler-184 c  ,20.30308048,1.912
585,7445445,567.03, Kepler-184 d  ,29.02256398,2.088
590,8120608,571.01, Kepler-186 c  ,7.26730367,1.393
591,8120608,571.02, Kepler-186 d  ,13.34299753,1.538
592,8120608,571.03, Kepler-186 b  ,3.88677804,1.181
593,8120608,571.04, Kepler-186 e  ,22.40768305,1.399
594,8120608,571.05, Kepler-186 f  ,129.9445093,1.21
610,9020160,582.01, Kepler-191 d  ,5.9450441,2.116
611,9020160,582.02, Kepler-191 c  ,17.73852352,1.836
612,9020160,582.03, Kepler-191 b  ,9.93957896,1.304
614,9146018,584.01, Kepler-192 b  ,9.92671257,2.62
615,9146018,584.02, Kepler-192 c  ,21.22354847,2.364
616,9146018,584.03, Kepler-192 d  ,6.47031853,1.057
624,9958962,593.01, Kepler-616 b  ,9.99759192,2.396
625,9958962,593.02, Kepler-616 c  ,90.41218604,3.401
626,9958962,593.03, Kepler-616 d  ,51.0671184,2.299
627,9958962,593.04,               ,240.1996788,2.329
629,10600261,597.01, Kepler-194 c  ,17.30799489,2.482
630,10600261,597.02, Kepler-194 b  ,2.0922703,1.427
631,10600261,597.03, Kepler-194 d  ,52.81512831,2.322
637,10973664,601.01, Kepler-619 b  ,5.40428247,2.63
638,10973664,601.02,               ,11.67894843,3.113
639,10973664,601.03, Kepler-619 c  ,1.20845818,1.361
645,6587002,612.01, Kepler-196 b  ,20.73987225,1.913
646,6587002,612.02, Kepler-196 c  ,47.42767093,2.204
647,6587002,612.03, Kepler-196 d  ,122.0805836,2.159
650,11773022,620.01, Kepler-51 b   ,45.15526672,6.45
651,11773022,620.02, Kepler-51 d   ,130.1781993,8.797
652,11773022,620.03, Kepler-51 c   ,85.31655302,6.393
654,12068975,623.01, Kepler-197 c  ,10.34974362,1.288
655,12068975,623.02, Kepler-197 d  ,15.67754049,1.27
656,12068975,623.03, Kepler-197 b  ,5.59932438,1.082
657,12068975,623.04, Kepler-197 e  ,25.2104678,0.927
658,3541946,624.01, Kepler-198 b  ,17.79000592,2.623
659,3541946,624.02, Kepler-198 c  ,49.56744103,2.392
660,3541946,624.03, Kepler-198 d  ,1.3118427,1.399
691,6062088,658.01, Kepler-203 b  ,3.16269483,2.324
692,6062088,658.02, Kepler-203 c  ,5.37064519,2.305
693,6062088,658.03, Kepler-203 d  ,11.32962525,1.328
701,6442340,664.01, Kepler-206 c  ,13.13740786,1.573
702,6442340,664.02, Kepler-206 b  ,7.78197031,1.115
703,6442340,664.03, Kepler-206 d  ,23.44304949,0.996
704,6685609,665.01, Kepler-207 d  ,5.86806838,3.503
705,6685609,665.02, Kepler-207 b  ,1.61188863,1.689
706,6685609,665.03, Kepler-207 c  ,3.07156191,1.563
709,7040629,671.01, Kepler-208 b  ,4.22862702,1.522
710,7040629,671.02, Kepler-208 c  ,7.46662904,1.371
711,7040629,671.03, Kepler-208 e  ,16.25955008,1.415
712,7040629,671.04, Kepler-208 d  ,11.13189834,1.217
732,8480285,691.01, Kepler-647 c  ,29.66624281,3.781
733,8480285,691.02, Kepler-647 b  ,16.22548963,1.61
734,8480285,691.03,               ,10.91399951,0.967
742,8962094,700.01, Kepler-215 d  ,30.864343,2.113
743,8962094,700.02, Kepler-215 b  ,9.36057471,1.387
744,8962094,700.03, Kepler-215 c  ,14.66723806,1.27
745,8962094,700.04, Kepler-215 e  ,68.16079424,1.548
746,9002278,701.01, Kepler-62 d   ,18.16405902,2.142
747,9002278,701.02, Kepler-62 b   ,5.71489033,1.446
748,9002278,701.03, Kepler-62 e   ,122.3858876,1.866
749,9002278,701.04, Kepler-62 f   ,267.284615,1.526
750,9002278,701.05, Kepler-62 c   ,12.44179722,0.616
752,9458613,707.01, Kepler-33 d   ,21.77566845,4.558
753,9458613,707.02, Kepler-33 f   ,41.02789654,3.767
754,9458613,707.03, Kepler-33 e   ,31.78484972,3.413
755,9458613,707.04, Kepler-33 c   ,13.1755712,2.72
756,9458613,707.05, Kepler-33 b   ,5.66811063,1.773
760,9590976,710.01, Kepler-217 b  ,5.37492471,2.224
761,9590976,710.02, Kepler-217 c  ,8.58604236,1.802
762,9590976,710.03, Kepler-217 d  ,3.8868617,1.364
763,9597345,711.01, Kepler-218 c  ,44.69965891,2.971
764,9597345,711.02, Kepler-218 b  ,3.61930475,1.483
765,9597345,711.03, Kepler-218 d  ,124.5249337,2.699
770,9884104,718.01, Kepler-219 b  ,4.58546215,2.272
771,9884104,718.02, Kepler-219 c  ,22.71445498,2.788
772,9884104,718.03, Kepler-219 d  ,47.90344231,2.269
773,9950612,719.01, Kepler-220 c  ,9.03418745,1.622
774,9950612,719.02, Kepler-220 d  ,28.12264106,0.93
775,9950612,719.03, Kepler-220 e  ,45.90267989,1.27
776,9950612,719.04, Kepler-220 b  ,4.15982225,0.852
777,9963524,720.01, Kepler-221 c  ,5.69059352,2.834
778,9963524,720.02, Kepler-221 d  ,10.04156732,2.54
779,9963524,720.03, Kepler-221 e  ,18.36972561,2.568
780,9963524,720.04, Kepler-221 b  ,2.79589907,1.5
783,10002866,723.01, Kepler-222 b  ,3.93699397,2.862
784,10002866,723.02, Kepler-222 d  ,28.08191917,3.409
785,10002866,723.03, Kepler-222 c  ,10.08881642,3.559
787,10227020,730.01, Kepler-223 d  ,14.78701236,4.416
788,10227020,730.02, Kepler-223 c  ,9.84821114,3.314
789,10227020,730.03, Kepler-223 e  ,19.72433675,3.807
790,10227020,730.04, Kepler-223 b  ,7.38445597,2.932
791,10265898,732.01, Kepler-656 b  ,1.26025793,2.835
792,10265898,732.02,               ,3.29530461,1.013
793,10265898,732.03,               ,5.25453383,1.088
794,10271806,733.01, Kepler-224 c  ,5.92498617,2.765
795,10271806,733.02, Kepler-224 d  ,11.34934777,2.446
796,10271806,733.03, Kepler-224 b  ,3.13295549,1.435
797,10271806,733.04, Kepler-224 e  ,18.6435031,1.966
808,10601284,749.01, Kepler-226 c  ,5.34956967,2.48
809,10601284,749.02, Kepler-226 b  ,3.94106174,1.629
810,10601284,749.03, Kepler-226 d  ,8.10901972,1.264
811,10662202,750.01, Kepler-662 b  ,21.67695486,2.59
812,10662202,750.02,               ,5.04416027,1.208
813,10662202,750.03,               ,14.51677802,1.331
818,10872983,756.01, Kepler-228 d  ,11.09433544,4.389
819,10872983,756.02, Kepler-228 c  ,4.13444128,2.943
820,10872983,756.03, Kepler-228 b  ,2.56656946,1.67
821,10910878,757.01, Kepler-229 c  ,16.06864266,4.824
822,10910878,757.02, Kepler-229 d  ,41.19712515,3.256
823,10910878,757.03, Kepler-229 b  ,6.25294127,2.24
835,11754553,775.01, Kepler-52 c   ,16.38490222,2.096
836,11754553,775.02, Kepler-52 b   ,7.87742204,2.258
837,11754553,775.03, Kepler-52 d   ,36.44519458,2.082
849,12366084,787.01, Kepler-232 b  ,4.43123472,3.473
850,12366084,787.02, Kepler-232 c  ,11.37935033,3.517
851,12366084,787.03,               ,0.58936958,0.975
864,3832474,806.01, Kepler-30 d   ,143.2070119,8.267
865,3832474,806.02, Kepler-30 c   ,60.32524674,11.528
866,3832474,806.03, Kepler-30 b   ,29.31475445,3.653
870,4139816,812.01, Kepler-235 b  ,3.34021993,2.314
871,4139816,812.02, Kepler-235 d  ,20.06028585,2.198
872,4139816,812.03, Kepler-235 e  ,46.18436051,2.125
873,4139816,812.04, Kepler-235 c  ,7.82502184,1.3
885,5358241,829.01, Kepler-53 b   ,18.64929387,3.199
886,5358241,829.02, Kepler-53 d   ,9.75192499,2.188
887,5358241,829.03, Kepler-53 c   ,38.55762762,3.339
889,5436502,834.01, Kepler-238 e  ,23.65369289,8.914
890,5436502,834.02, Kepler-238 d  ,13.23350423,3.532
891,5436502,834.03, Kepler-238 c  ,6.15560917,2.649
892,5436502,834.04, Kepler-238 b  ,2.09082239,1.7
893,5436502,834.05, Kepler-238 f  ,50.4468756,3.021
899,5792202,841.01, Kepler-27 b   ,15.3352934,4.133
900,5792202,841.02, Kepler-27 c   ,31.33038711,5.834
901,5792202,841.03, Kepler-27 d   ,6.54626957,1.899
902,5792202,841.04,               ,269.3087336,4.692
903,5792202,841.05,               ,499.4680938,3.021
924,6849310,864.01, Kepler-244 b  ,4.31178142,2.91
925,6849310,864.02, Kepler-244 d  ,20.05038278,2.493
926,6849310,864.03, Kepler-244 c  ,9.76734394,2.065
930,6948054,869.01, Kepler-245 b  ,7.49018556,2.61
931,6948054,869.02, Kepler-245 d  ,36.27556467,3.081
932,6948054,869.03, Kepler-245 c  ,17.46091637,2.225
933,6948054,869.04, Kepler-245 e  ,3.21982901,1.728
942,7287995,877.01, Kepler-81 b   ,5.95489264,2.318
943,7287995,877.02, Kepler-81 c   ,12.03986967,2.186
944,7287995,877.03, Kepler-81 d   ,20.83773609,1.312
946,7366258,880.01, Kepler-82 b   ,26.44432103,3.58
947,7366258,880.02, Kepler-82 c   ,51.53924299,5.004
948,7366258,880.03, Kepler-82 e   ,5.90225497,2.197
949,7366258,880.04, Kepler-82 d   ,2.38295821,1.647
953,7434875,884.01, Kepler-247 c  ,9.43946259,4.25
954,7434875,884.02, Kepler-247 d  ,20.47726587,2.882
955,7434875,884.03, Kepler-247 b  ,3.33612251,1.773
956,7455287,886.01, Kepler-54 b   ,8.01084154,1.912
957,7455287,886.02, Kepler-54 c   ,12.07138695,1.463
958,7455287,886.03, Kepler-54 d   ,20.99581773,1.462
966,7825899,896.01, Kepler-248 c  ,16.239483,3.889
967,7825899,896.02, Kepler-248 b  ,6.30820415,2.783
968,7825899,896.03,               ,28.86686825,1.371
970,7870390,898.01, Kepler-83 b   ,9.77045018,2.61
971,7870390,898.02, Kepler-83 d   ,5.16980121,1.905
972,7870390,898.03, Kepler-83 c   ,20.09010164,2.24
973,7907423,899.01, Kepler-249 c  ,7.11375661,1.444
974,7907423,899.02, Kepler-249 b  ,3.30654654,1.145
975,7907423,899.03, Kepler-249 d  ,15.36845633,1.397
980,8150320,904.01, Kepler-55 d   ,2.21112226,1.778
981,8150320,904.02, Kepler-55 b   ,27.95473903,2.007
982,8150320,904.03, Kepler-55 c   ,42.14014148,1.961
983,8150320,904.04, Kepler-55 e   ,4.61748122,1.585
984,8150320,904.05, Kepler-55 f   ,10.19848207,1.652
985,8226994,906.01, Kepler-250 c  ,7.15680955,2.172
986,8226994,906.02, Kepler-250 d  ,17.64825801,2.054
987,8226994,906.03, Kepler-250 b  ,4.14812194,0.969
988,8247638,907.01, Kepler-251 c  ,16.51409124,2.531
989,8247638,907.02, Kepler-251 d  ,30.13307325,2.597
990,8247638,907.03, Kepler-251 b  ,4.79094409,1.279
991,8247638,907.04, Kepler-251 e  ,99.64120749,2.505
1003,8689373,921.01, Kepler-253 c  ,10.28195555,2.636
1004,8689373,921.02, Kepler-253 d  ,18.11994245,3.07
1005,8689373,921.03, Kepler-253 b  ,3.78403195,1.646
1014,9334289,934.01, Kepler-254 b  ,5.82665776,3.519
1015,9334289,934.02, Kepler-254 c  ,12.41211141,2.238
1016,9334289,934.03, Kepler-254 d  ,18.74643825,2.545
1017,9347899,935.01, Kepler-31 b   ,20.86019269,5.336
1018,9347899,935.02, Kepler-31 c   ,42.63416415,5.05
1019,9347899,935.03, Kepler-31 d   ,87.64796817,3.908
1020,9347899,935.04,               ,9.61727175,1.888
1024,9415172,938.01, Kepler-255 c  ,9.94601044,2.891
1025,9415172,938.02, Kepler-255 d  ,1.04561691,1.345
1026,9415172,938.03, Kepler-255 b  ,5.7146465,1.597
1027,9466668,939.01, Kepler-256 c  ,3.38802126,1.62
1028,9466668,939.02, Kepler-256 d  ,5.83910412,1.599
1029,9466668,939.03, Kepler-256 b  ,1.62047082,1.223
1030,9466668,939.04, Kepler-256 e  ,10.68168283,1.694
1032,9480189,941.01, Kepler-257 c  ,6.58147957,3.821
1033,9480189,941.02, Kepler-257 b  ,2.38265152,2.112
1034,9480189,941.03, Kepler-257 d  ,24.66454632,3.879
1037,9605514,945.01, Kepler-1666 b ,25.84737065,2.612
1038,9605514,945.02, Kepler-1666 c ,40.71542259,2.919
1039,9605514,945.03,               ,66.78930932,2.172
1046,9787239,952.01, Kepler-32 b   ,5.90127763,2.236
1047,9787239,952.02, Kepler-32 c   ,8.75207596,2.133
1048,9787239,952.03, Kepler-32 d   ,22.78077231,2.514
1049,9787239,952.04, Kepler-32 e   ,2.89600175,1.427
1050,9787239,952.05, Kepler-32 f   ,0.74295778,2.11
1057,8561063,961.01, Kepler-42 b   ,1.21377045,0.781
1058,8561063,961.02, Kepler-42 c   ,0.45328751,0.875
1059,8561063,961.03, Kepler-42 d   ,1.86511356,0.694
1074,1718189,993.01, Kepler-262 c  ,21.85372099,1.554
1075,1718189,993.02, Kepler-262 b  ,13.0607061,1.276
1076,1718189,993.03,               ,86.72276988,1.266
1086,8158127,1015.01, Kepler-750 b  ,9.42885228,3.252
1087,8158127,1015.02, Kepler-750 c  ,4.08895768,1.722
1088,8158127,1015.03,               ,16.99740881,2.07
1098,5956342,1052.01, Kepler-265 c  ,17.02904726,2.273
1099,5956342,1052.02, Kepler-265 b  ,6.84619728,1.509
1100,5956342,1052.03, Kepler-265 e  ,67.83179028,2.152
1101,5956342,1052.04, Kepler-265 d  ,43.13122259,2.03
1105,5880320,1060.01, Kepler-758 b  ,12.10967032,2.616
1106,5880320,1060.02, Kepler-758 c  ,4.75797889,1.725
1107,5880320,1060.03, Kepler-758 d  ,20.4963261,2.404
1108,5880320,1060.04, Kepler-758 e  ,8.19342614,1.662
1117,10166274,1078.01, Kepler-267 b  ,3.35372858,1.93
1118,10166274,1078.02, Kepler-267 c  ,6.87745515,2.184
1119,10166274,1078.03, Kepler-267 d  ,28.46459622,2.19
1121,10141900,1082.01,               ,6.50324324,1.677
1122,10141900,1082.02,               ,4.09667991,1.433
1123,10141900,1082.03, Kepler-763 b  ,1.19654725,1.243
1124,10141900,1082.04,               ,9.65506241,1.451
1135,3231341,1102.01, Kepler-24 c   ,12.33348408,4.641
1136,3231341,1102.02, Kepler-24 b   ,8.14510034,2.947
1137,3231341,1102.03, Kepler-24 e   ,18.99831911,2.211
1138,3231341,1102.04, Kepler-24 d   ,4.24433553,1.46
1140,3240158,1106.01, Kepler-769 b  ,7.42605905,2.321
1141,3240158,1106.02, Kepler-769 c  ,15.9867378,1.455
1142,3240158,1106.03,               ,13.23010172,1.283
1143,3218908,1108.01, Kepler-770 b  ,18.92542004,2.764
1144,3218908,1108.02, Kepler-770 c  ,1.47532899,1.369
1145,3218908,1108.03, Kepler-770 d  ,4.15246338,1.635
1155,6359320,1127.01, Kepler-269 b  ,5.32668251,4.042
1156,6359320,1127.02, Kepler-269 c  ,8.12804153,2.471
1157,6359320,1127.03,               ,2.83669453,2.112
1167,8280511,1151.01, Kepler-271 b  ,10.43545334,1.229
1168,8280511,1151.02, Kepler-271 c  ,7.41088006,0.948
1169,8280511,1151.03, Kepler-271 d  ,5.24969846,0.672
1170,8280511,1151.04,               ,17.45319318,0.759
1171,8280511,1151.05,               ,21.72027051,0.801
1174,10426656,1161.01, Kepler-272 c  ,6.0573033,2.354
1175,10426656,1161.02, Kepler-272 d  ,10.93721736,2.47
1176,10426656,1161.03, Kepler-272 b  ,2.97138076,1.84
1180,10337517,1165.01, Kepler-783 c  ,7.05394442,1.903
1181,10337517,1165.02, Kepler-783 b  ,4.29263721,0.668
1182,10337517,1165.03,               ,11.14580908,0.754
1191,3554031,1194.01, Kepler-415 c  ,8.70793158,2.197
1192,3554031,1194.02,               ,14.86216896,1.689
1193,3554031,1194.03, Kepler-415 b  ,4.17629424,1.352
1196,3447722,1198.01, Kepler-275 c  ,16.08826322,3.507
1197,3447722,1198.02, Kepler-275 b  ,10.30061924,2.355
1198,3447722,1198.03, Kepler-275 d  ,35.67556697,3.091
1202,3962243,1203.01, Kepler-276 c  ,31.88385912,2.689
1203,3962243,1203.02, Kepler-276 b  ,14.12835319,2.242
1204,3962243,1203.03, Kepler-276 d  ,48.64813648,2.128
1220,6677841,1236.01, Kepler-279 c  ,35.73391416,3.971
1221,6677841,1236.02, Kepler-279 b  ,12.30971149,2.846
1222,6677841,1236.03, Kepler-279 d  ,54.4114068,3.556
1223,6677841,1236.04,               ,98.35919826,2.931
1227,6690082,1240.01, Kepler-280 b  ,2.13955509,1.584
1228,6690082,1240.02, Kepler-280 c  ,4.80709495,2.094
1229,6690082,1240.03,               ,9.82541584,0.935
1237,8630788,1258.01, Kepler-281 c  ,36.33749126,7.507
1238,8630788,1258.02, Kepler-281 b  ,14.64632731,3.131
1239,8630788,1258.03, Kepler-281 d  ,148.2723105,5.367
1251,8804283,1276.01,               ,22.7902174,2.391
1252,8804283,1276.02,               ,13.26071518,1.35
1253,8804283,1276.03,               ,7.70974541,0.809
1254,8609450,1278.01, Kepler-282 d  ,24.80566736,2.837
1255,8609450,1278.02, Kepler-282 e  ,44.34723441,3.196
1256,8609450,1278.03, Kepler-282 b  ,9.22083801,1.34
1257,8609450,1278.04, Kepler-282 c  ,13.64007155,1.444
1275,10858691,1306.01, Kepler-286 b  ,1.79631631,1.241
1276,10858691,1306.02, Kepler-286 c  ,3.46807214,1.352
1277,10858691,1306.03, Kepler-286 d  ,5.91427708,1.368
1278,10858691,1306.04, Kepler-286 e  ,29.22129979,1.697
1296,4455231,1332.01, Kepler-288 c  ,19.30578896,2.783
1297,4455231,1332.02, Kepler-288 b  ,6.09748969,1.533
1298,4455231,1332.03, Kepler-288 d  ,56.63841999,2.537
1300,4077526,1336.01, Kepler-58 b   ,10.21868514,2.064
1301,4077526,1336.02, Kepler-58 c   ,15.57355475,2.112
1302,4077526,1336.03, Kepler-58 d   ,40.1011493,2.31
1303,4077526,1336.04,               ,4.45817348,1.336
1305,4466677,1338.01, Kepler-822 b  ,3.22296839,1.491
1306,4466677,1338.02,               ,42.03714532,1.586
1307,4466677,1338.03,               ,21.01182965,1.235
1313,7303287,1353.01, Kepler-289 c  ,125.8654422,11.038
1314,7303287,1353.02, Kepler-289 b  ,34.54399807,2.102
1315,7303287,1353.03,               ,66.01646112,2.452
1319,7376983,1358.01,               ,5.64492487,2.642
1320,7376983,1358.02,               ,8.74287505,1.98
1321,7376983,1358.03,               ,3.64833292,1.374
1322,7376983,1358.04,               ,2.34585905,1.272
1325,7102227,1360.01, Kepler-290 c  ,36.77055611,2.535
1326,7102227,1360.02, Kepler-290 b  ,14.58931266,1.993
1327,7102227,1360.03,               ,0.76401565,0.791
1332,6962977,1364.01, Kepler-292 f  ,20.83424102,2.31
1333,6962977,1364.02, Kepler-292 d  ,7.0556802,2.157
1334,6962977,1364.03, Kepler-292 e  ,11.97890111,2.151
1335,6962977,1364.04, Kepler-292 c  ,3.71548205,1.479
1336,6962977,1364.05, Kepler-292 b  ,2.58083692,1.336
1363,9006449,1413.01, Kepler-295 b  ,12.64500199,3.257
1364,9006449,1413.02, Kepler-295 c  ,21.52618726,3.165
1365,9006449,1413.03, Kepler-295 d  ,33.88433254,3.422
1367,11497958,1422.01, Kepler-296 c  ,5.84163696,1.447
1368,11497958,1422.02, Kepler-296 d  ,19.8503022,1.58
1369,11497958,1422.03, Kepler-296 b  ,10.86440372,1.075
1370,11497958,1422.04, Kepler-296 f  ,63.33550636,1.231
1371,11497958,1422.05, Kepler-296 e  ,34.14210338,1.109
1375,11122894,1426.01, Kepler-297 b  ,38.86857676,2.782
1376,11122894,1426.02, Kepler-297 c  ,74.92841333,6.192
1377,11122894,1426.03,               ,150.0216791,18.3
1382,11176127,1430.01, Kepler-298 b  ,10.47547226,2.113
1383,11176127,1430.02, Kepler-298 c  ,22.92873069,1.958
1384,11176127,1430.03, Kepler-298 d  ,77.4743516,2.536
1386,11014932,1432.01, Kepler-299 c  ,6.88597657,2.016
1387,11014932,1432.02, Kepler-299 d  ,15.05495546,1.572
1388,11014932,1432.03, Kepler-299 b  ,2.92722182,1.272
1389,11014932,1432.04, Kepler-299 e  ,38.28607433,1.778
1394,11389771,1436.01, Kepler-301 b  ,2.50855472,1.382
1395,11389771,1436.02, Kepler-301 d  ,13.75124199,1.772
1396,11389771,1436.03, Kepler-301 c  ,5.41907617,1.447
1414,4770365,1475.01, Kepler-1669 c ,1.6093192,1.761
1415,4770365,1475.02, Kepler-1669 b ,9.51219279,2.223
1416,4770365,1475.03,               ,4.72943361,1.348
1432,7841925,1499.01, Kepler-865 b  ,14.16399045,2.201
1433,7841925,1499.02,               ,0.84059639,0.583
1434,7841925,1499.03,               ,6.20922062,0.833
1474,5371776,1557.01, Kepler-304 b  ,3.29570206,2.672
1475,5371776,1557.02, Kepler-304 d  ,9.65348279,2.302
1476,5371776,1557.03, Kepler-304 c  ,5.31595232,2.013
1477,5371776,1557.04, Kepler-304 e  ,1.49914177,1.038
1479,5219234,1563.01, Kepler-305 b  ,5.48712478,2.789
1480,5219234,1563.02, Kepler-305 c  ,8.29085153,2.439
1481,5219234,1563.03, Kepler-305 e  ,3.20541109,1.641
1482,5219234,1563.04, Kepler-305 d  ,16.73878229,2.418
1484,5438099,1567.01, Kepler-306 c  ,7.24020008,2.236
1485,5438099,1567.02, Kepler-306 b  ,4.6461998,1.611
1486,5438099,1567.03, Kepler-306 d  ,17.32677828,2.153
1487,5438099,1567.04, Kepler-306 e  ,44.84125679,2.467
1493,10028792,1574.01, Kepler-87 b   ,114.7366498,10.234
1494,10028792,1574.02, Kepler-87 c   ,191.2388431,4.648
1495,10028792,1574.03,               ,5.83391524,1.649
1496,10028792,1574.04,               ,8.97721049,1.403
1509,5301750,1589.01, Kepler-84 b   ,8.72588834,7.013
1510,5301750,1589.02, Kepler-84 c   ,12.88282392,7.119
1511,5301750,1589.03, Kepler-84 e   ,27.43452289,7.068
1512,5301750,1589.04, Kepler-84 d   ,4.22453347,4.187
1513,5301750,1589.05, Kepler-84 f   ,44.55132164,6.047
1514,5542466,1590.01,               ,12.89015147,1.82
1515,5542466,1590.02, Kepler-1756 b ,2.35575084,1.252
1516,5542466,1590.03,               ,4.74670612,1.199
1524,10004738,1598.01, Kepler-310 c  ,56.47574045,2.767
1525,10004738,1598.02, Kepler-310 d  ,92.87480581,2.136
1526,10004738,1598.03, Kepler-310 b  ,13.93065877,1.15
1535,10055126,1608.01, Kepler-311 b  ,9.17614002,1.655
1536,10055126,1608.02, Kepler-311 c  ,19.73836806,1.488
1537,10055126,1608.03,               ,232.0486005,1.995
1540,6268648,1613.01, Kepler-907 b  ,15.86619279,0.814
1541,6268648,1613.02,               ,94.09228694,0.631
1542,6268648,1613.03,               ,20.60559108,0.562
1550,6543893,1627.01, Kepler-913 b  ,10.29672509,6.031
1551,6543893,1627.02, Kepler-913 c  ,5.93917354,3.937
1552,6543893,1627.03,               ,3.80674591,2.883
1553,6975129,1628.01, Kepler-312 c  ,19.74737352,3.685
1554,6975129,1628.02, Kepler-312 b  ,1.77245342,1.506
1555,6975129,1628.03,               ,37.83931904,2.572
1565,11153121,1647.01, Kepler-313 b  ,14.97032924,2.601
1566,11153121,1647.02, Kepler-313 c  ,32.27526962,2.326
1567,11153121,1647.03,               ,6.3302697,1.316
1586,5531953,1681.01,               ,6.93904714,1.046
1587,5531953,1681.02,               ,1.99281385,0.742
1588,5531953,1681.03,               ,3.53108051,0.727
1589,5531953,1681.04,               ,21.91417008,1.045
1642,11551692,1781.01, Kepler-411 c  ,7.8344328,3.266
1643,11551692,1781.02, Kepler-411 b  ,3.00515626,1.906
1644,11551692,1781.03, Kepler-411 d  ,58.01985749,3.539
1661,4644952,1805.01, Kepler-319 c  ,6.94135846,2.422
1662,4644952,1805.02, Kepler-319 d  ,31.78199464,2.002
1663,4644952,1805.03, Kepler-319 b  ,4.36273707,1.548
1687,11601584,1831.01, Kepler-324 c  ,51.80987798,2.71
1688,11601584,1831.02, Kepler-324 b  ,4.38535684,1.279
1689,11601584,1831.03, Kepler-324 d  ,34.20593543,1.27
1690,11601584,1831.04, Kepler-324 e  ,13.97940951,1.684
1691,11709244,1832.01, Kepler-325 b  ,4.54442859,2.406
1692,11709244,1832.02, Kepler-325 c  ,12.76218266,2.065
1693,11709244,1832.03, Kepler-325 d  ,38.71471336,2.132
1694,11853878,1833.01, Kepler-968 b  ,3.69298793,1.845
1695,11853878,1833.02, Kepler-968 d  ,7.68434094,2.26
1696,11853878,1833.03, Kepler-968 c  ,5.70939527,1.624
1697,9471268,1835.01, Kepler-326 c  ,4.58034978,1.896
1698,9471268,1835.02, Kepler-326 b  ,2.24828597,1.749
1699,9471268,1835.03, Kepler-326 d  ,6.76690755,1.709
1709,5080636,1843.01, Kepler-974 b  ,4.19450203,1.387
1710,5080636,1843.02,               ,6.35581289,0.728
1711,5080636,1843.03,               ,0.17689174,0.684
1727,4157325,1860.01, Kepler-416 b  ,6.3194466,2.397
1728,4157325,1860.02, Kepler-416 c  ,12.20950873,2.301
1729,4157325,1860.03,               ,3.07644041,1.468
1730,4157325,1860.04,               ,24.84327724,1.482
1736,8167996,1867.01, Kepler-327 b  ,2.54956563,1.337
1737,8167996,1867.02, Kepler-327 d  ,13.96953338,2.003
1738,8167996,1867.03, Kepler-327 c  ,5.21229969,1.245
1763,11074178,1889.01, Kepler-1001 b ,14.30517935,2.352
1764,11074178,1889.02, Kepler-1001 c ,9.18184049,1.508
1765,11074178,1889.03,               ,4.88626877,0.677
1772,4263293,1895.01, Kepler-331 b  ,8.45747329,2.425
1773,4263293,1895.02, Kepler-331 c  ,17.28125508,2.645
1774,4263293,1895.03, Kepler-331 d  ,32.13408541,2.366
1783,10328393,1905.01, Kepler-332 b  ,7.62636346,1.169
1784,10328393,1905.02, Kepler-332 c  ,15.99569913,1.011
1785,10328393,1905.03, Kepler-332 d  ,34.21109238,1.117
1790,10130039,1909.01, Kepler-334 c  ,12.75800293,1.378
1791,10130039,1909.02, Kepler-334 b  ,5.47031904,1.061
1792,10130039,1909.03, Kepler-334 d  ,25.09843925,1.302
1800,6037581,1916.01, Kepler-336 d  ,20.67860451,9.416
1801,6037581,1916.02, Kepler-336 c  ,9.5999319,8.836
1802,6037581,1916.03, Kepler-336 b  ,2.02482998,4.24
1814,5511081,1930.01, Kepler-338 b  ,13.72714466,2.503
1815,5511081,1930.02, Kepler-338 c  ,24.31093759,2.403
1816,5511081,1930.03, Kepler-338 d  ,44.43018521,2.736
1817,5511081,1930.04, Kepler-338 e  ,9.34143183,1.593
1818,10978763,1931.01, Kepler-339 b  ,4.97759177,1.288
1819,10978763,1931.02, Kepler-339 d  ,10.55837881,1.064
1820,10978763,1931.03, Kepler-339 c  ,6.98795025,1.06
1838,7747425,1952.01, Kepler-341 c  ,8.01037667,2.029
1839,7747425,1952.02, Kepler-341 d  ,27.66672706,2.133
1840,7747425,1952.03, Kepler-341 b  ,5.1956508,1.29
1841,7747425,1952.04, Kepler-341 e  ,42.47268804,2.168
1842,9892816,1955.01, Kepler-342 b  ,15.1701932,2.065
1843,9892816,1955.02, Kepler-342 d  ,39.45791107,2.752
1844,9892816,1955.03, Kepler-342 e  ,1.64422616,0.961
1845,9892816,1955.04, Kepler-342 c  ,26.23467287,1.846
1882,11450414,1992.01, Kepler-347 b  ,12.79823365,2.641
1883,11450414,1992.02, Kepler-347 c  ,27.32130233,2.29
1884,11450414,1992.03,               ,85.5160012,2.374
1892,12154526,2004.01, Kepler-1047 b ,56.18834277,3.01
1893,12154526,2004.02, Kepler-1047 c ,3.18896922,1.317
1894,12154526,2004.03,               ,1.72109733,0.906
1917,4636578,2025.01, Kepler-350 c  ,17.84848231,2.748
1918,4636578,2025.02, Kepler-350 d  ,26.13621077,2.636
1919,4636578,2025.03, Kepler-350 b  ,11.18965384,1.664
1921,7102316,2028.01, Kepler-351 c  ,57.2486346,3.087
1922,7102316,2028.02, Kepler-351 b  ,37.05503257,2.607
1923,7102316,2028.03, Kepler-351 d  ,142.546674,2.451
1924,9489524,2029.01, Kepler-352 c  ,16.33270729,1.255
1925,9489524,2029.02, Kepler-352 b  ,10.05538883,0.875
1926,9489524,2029.03, Kepler-352 d  ,6.88724533,0.667
1927,9489524,2029.04,               ,4.78847692,0.599
1936,9634821,2037.01,               ,73.75811578,3.113
1937,9634821,2037.02,               ,5.477158,1.74
1938,9634821,2037.03,               ,8.56266099,1.827
1939,8950568,2038.01, Kepler-85 b   ,8.30542284,2.823
1940,8950568,2038.02, Kepler-85 c   ,12.51345816,1.771
1941,8950568,2038.03, Kepler-85 d   ,17.91327996,1.196
1942,8950568,2038.04, Kepler-85 e   ,25.21486084,1.225
1949,6026438,2045.01, Kepler-354 b  ,5.47665173,1.704
1950,6026438,2045.02, Kepler-354 d  ,24.2095264,1.423
1951,6026438,2045.03, Kepler-354 c  ,16.93512559,1.264
1961,3128552,2055.01, Kepler-1073 b ,8.67891788,2.255
1962,3128552,2055.02, Kepler-1073 c ,4.02583093,1.586
1963,3128552,2055.03, Kepler-1073 d ,2.5047528,1.303
1964,3128552,2055.04,               ,6.1308059,1.121
1983,8164257,2073.01, Kepler-357 d  ,49.50026916,2.178
1984,8164257,2073.02, Kepler-357 b  ,6.47537943,1.622
1985,8164257,2073.03, Kepler-357 c  ,16.85823589,1.936
1999,6768394,2086.01, Kepler-60 b   ,7.13295045,1.734
2000,6768394,2086.02, Kepler-60 c   ,8.91897737,1.943
2001,6768394,2086.03, Kepler-60 d   ,11.89824703,1.756
2002,6768394,2086.04,               ,335.5198537,1.836
2006,6696580,2092.01, Kepler-359 c  ,57.68938988,3.46
2007,6696580,2092.02, Kepler-359 b  ,25.56387152,2.839
2008,6696580,2092.03, Kepler-359 d  ,77.08943467,2.769
2009,6525946,2093.01,               ,6.78344102,2.387
2010,6525946,2093.02,               ,2.50814761,1.453
2011,6525946,2093.03,               ,0.49606935,1.222
2054,9904006,2135.01, Kepler-361 c  ,55.18668757,2.895
2055,9904006,2135.02,               ,20.18919494,1.581
2056,9904006,2135.03, Kepler-361 b  ,8.48651178,1.57
2067,6021193,2148.01, Kepler-363 d  ,11.93206303,2.113
2068,6021193,2148.02, Kepler-363 c  ,7.54240326,1.82
2069,6021193,2148.03, Kepler-363 b  ,3.61456972,1.276
2085,11358389,2163.01, Kepler-365 b  ,10.66493632,1.56
2086,11358389,2163.02, Kepler-365 c  ,17.78345269,1.443
2087,11358389,2163.03,               ,28.22496547,1.305
2094,9006186,2169.01, Kepler-1130 b ,5.45297445,0.798
2095,9006186,2169.02, Kepler-1130 c ,3.26662197,0.664
2096,9006186,2169.03, Kepler-1130 d ,4.27223792,0.603
2102,8261920,2174.01,               ,6.69329801,1.726
2103,8261920,2174.02, Kepler-1802 c ,33.13623937,1.793
2104,8261920,2174.03, Kepler-1802 b ,7.72516951,1.225
2105,8261920,2174.04,               ,3.01610646,0.889
2114,5706595,2183.01, Kepler-370 c  ,19.02309588,2.05
2115,5706595,2183.02, Kepler-370 b  ,4.57947332,1.471
2116,5706595,2183.03,               ,150.3814056,2.061
2124,3548044,2194.01, Kepler-371 b  ,34.76298361,2.164
2125,3548044,2194.02, Kepler-371 c  ,67.96842021,2.271
2126,3548044,2194.03,               ,445.2180022,1.832
2127,11401767,2195.01, Kepler-372 c  ,20.0546569,2.206
2128,11401767,2195.02, Kepler-372 d  ,30.09016159,1.96
2129,11401767,2195.03, Kepler-372 b  ,6.84974223,1.485
2151,6871071,2220.01, Kepler-374 c  ,3.28279781,1.606
2152,6871071,2220.02, Kepler-374 d  ,5.0281665,1.809
2153,6871071,2220.03, Kepler-374 b  ,1.89782214,1.558
2154,6871071,2220.04,               ,7.66463518,1.441
2155,6871071,2220.05,               ,11.92923256,1.357
2172,4770617,2243.01, Kepler-1154 b ,5.18557989,2.177
2173,4770617,2243.02, Kepler-1154 c ,8.4580914,2.197
2174,4770617,2243.03,               ,31.44568806,3.09
2178,11030475,2248.01, Kepler-1813 b ,2.81814116,1.313
2179,11030475,2248.03,               ,0.76196218,1.08
2180,11030475,2248.04,               ,2.64622956,1.026
2181,11030475,2248.05,               ,4.74507981,0.978
2193,8613535,2263.01, Kepler-1165 c ,29.96864759,3.043
2194,8613535,2263.02, Kepler-1165 b ,9.47852438,2.344
2195,8613535,2263.03,               ,15.59458181,1.691
2224,9334893,2298.01,               ,16.66710278,1.382
2225,9334893,2298.02, Kepler-1178 b ,31.80591683,1.231
2226,9334893,2298.03,               ,2.47241084,0.715
2274,8013439,2352.01, Kepler-381 c  ,13.39147403,1.034
2275,8013439,2352.02, Kepler-381 b  ,5.6290675,0.923
2276,8013439,2352.03, Kepler-381 d  ,8.2562501,0.903
2345,11968463,2433.01, Kepler-385 c  ,15.16213142,2.361
2346,11968463,2433.02, Kepler-385 b  ,10.04380879,2.313
2347,11968463,2433.03, Kepler-385 d  ,56.41581418,2.423
2348,11968463,2433.04,               ,27.90426394,1.903
2349,11968463,2433.06,               ,6.0632531,1.441
2350,11968463,2433.07,               ,86.43086179,2.252
2351,11968463,2433.08,               ,3.37375965,1.206
2392,11125613,2485.01, Kepler-1254 b ,9.99116477,1.358
2393,11125613,2485.02, Kepler-1254 c ,3.6008407,1.18
2394,11125613,2485.03, Kepler-1254 d ,5.72716427,1.207
2468,9896018,2579.01, Kepler-1859 b ,2.72960744,1.302
2469,9896018,2579.02,               ,3.59647062,1.329
2470,9896018,2579.03,               ,10.30132666,1.394
2475,7673841,2585.01, Kepler-392 b  ,5.34182216,0.966
2476,7673841,2585.02, Kepler-392 c  ,10.42309397,0.99
2477,7673841,2585.03,               ,7.87845619,0.764
2489,12120307,2597.01, Kepler-394 b  ,8.00503248,1.384
2490,12120307,2597.02, Kepler-394 c  ,12.1307292,1.476
2491,12120307,2597.03, Kepler-394 d  ,5.61355807,1.294
2542,8022489,2674.01, Kepler-1311 d ,197.5112454,9.546
2543,8022489,2674.02, Kepler-1311 b ,11.17280657,1.471
2544,8022489,2674.03, Kepler-1311 c ,2.53575336,1.39
2560,5185897,2693.01, Kepler-398 b  ,4.08141546,0.84
2561,5185897,2693.02, Kepler-398 c  ,11.4194537,0.791
2562,5185897,2693.03, Kepler-398 d  ,6.83440524,0.855
2572,9730163,2704.01, Kepler-445 c  ,4.87122503,2.41
2573,9730163,2704.02, Kepler-445 b  ,2.98414433,1.533
2574,9730163,2704.03, Kepler-445 d  ,8.15275543,1.207
2577,5480640,2707.01, Kepler-399 d  ,58.0335465,5.09
2578,5480640,2707.02, Kepler-399 b  ,14.42511329,2.728
2579,5480640,2707.03, Kepler-399 c  ,26.67582856,3.94
2584,12206313,2714.01, Kepler-401 b  ,14.38312565,2.289
2585,12206313,2714.02, Kepler-401 c  ,47.31879794,2.774
2586,12206313,2714.03, Kepler-401 d  ,184.2636218,2.931
2587,9837661,2715.01, Kepler-1321 b ,11.12826312,5.172
2588,9837661,2715.02, Kepler-1321 c ,2.22650285,2.879
2589,9837661,2715.03, Kepler-1321 d ,5.72089162,2.429
2597,7673192,2722.01, Kepler-402 c  ,6.12478255,1.256
2598,7673192,2722.02, Kepler-402 e  ,11.2427106,1.292
2599,7673192,2722.03, Kepler-402 b  ,4.0287519,1.113
2600,7673192,2722.04, Kepler-402 d  ,8.92112441,1.169
2601,7673192,2722.05,               ,16.53398267,1.049
2606,9886361,2732.01, Kepler-403 b  ,7.03145274,1.698
2607,9886361,2732.02, Kepler-403 d  ,13.6116442,1.786
2608,9886361,2732.03, Kepler-403 c  ,54.28106641,2.221
2609,9886361,2732.04,               ,24.56045782,1.363
2685,8733898,2842.01, Kepler-446 b  ,1.56541081,1.174
2686,8733898,2842.02, Kepler-446 d  ,5.14891616,1.071
2687,8733898,2842.03, Kepler-446 c  ,3.03621178,0.938
2699,10397751,2859.01, Kepler-1371 b ,3.44620774,0.881
2700,10397751,2859.02, Kepler-1371 c ,2.0054092,0.748
2701,10397751,2859.03,               ,4.28887482,0.752
2702,10397751,2859.04,               ,2.90513115,0.759
2703,10397751,2859.05,               ,5.43099977,0.794
2711,10793172,2871.01, Kepler-1693 b ,12.09997491,1.115
2712,10793172,2871.02, Kepler-1693 c ,5.3637802,0.933
2713,10793172,2871.04,               ,7.97882825,0.789
2729,6716545,2906.01, Kepler-1383 b ,13.90908164,1.484
2730,6716545,2906.02,               ,145.883639,2.039
2731,6716545,2906.03,               ,21.94221467,1.348
2743,10122538,2926.01, Kepler-1388 b ,12.28547949,2.173
2744,10122538,2926.02, Kepler-1388 c ,5.53608548,1.894
2745,10122538,2926.03, Kepler-1388 d ,20.9571375,2.359
2746,10122538,2926.04, Kepler-1388 e ,37.63354937,2.196
2747,10122538,2926.05,               ,75.73163337,2.681
2850,7106173,3083.01,               ,10.18315435,0.811
2851,7106173,3083.02,               ,6.23220535,0.626
2852,7106173,3083.03,               ,8.29425613,0.684
2864,7582689,3097.01, Kepler-431 d  ,11.92175111,1.064
2865,7582689,3097.02, Kepler-431 b  ,6.80255833,0.922
2866,7582689,3097.03, Kepler-431 c  ,8.70296645,0.918
2905,6278762,3158.01, Kepler-444 b  ,3.60013004,0.571
2906,6278762,3158.02, Kepler-444 c  ,4.54586316,0.709
2907,6278762,3158.03, Kepler-444 d  ,6.18944555,0.736
2908,6278762,3158.04, Kepler-444 e  ,7.74345208,0.712
2909,6278762,3158.05, Kepler-444 f  ,9.74051754,0.895
2913,4735826,3184.01, Kepler-1972 b ,7.54760148,0.651
2914,4735826,3184.02, Kepler-1972 c ,11.3224987,0.591
2915,4735826,3184.03,               ,4.02010728,0.615
2979,5965819,3319.01, Kepler-1468 d ,19.59077749,3.017
2980,5965819,3319.02, Kepler-1468 b ,8.23985028,2.748
2981,5965819,3319.03, Kepler-1468 c ,3.54554902,1.899
2994,11810124,3344.01,               ,11.60455577,1.431
2995,11810124,3344.02, Kepler-1471 b ,3.63901032,1.268
2996,11810124,3344.03,               ,208.5078693,2.154
3035,3561464,3398.01, Kepler-1487 b ,7.31941195,1.933
3036,3561464,3398.02,               ,35.80102743,3.067
3037,3561464,3398.03,               ,4.32711675,1.374
3055,9117416,3425.01, Kepler-1921 b ,20.03479967,2.336
3056,9117416,3425.02,               ,3.1572046,1.479
3057,9117416,3425.03,               ,7.6437073,1.761
3060,9230021,3429.01,               ,15.82798802,1.694
3061,9230021,3429.02, Kepler-1497 b ,8.7419614,1.86
3062,9230021,3429.04,               ,44.43539936,1.631
3076,5384713,3444.01,               ,12.67139506,0.757
3077,5384713,3444.03,               ,2.63596564,0.502
3078,5384713,3444.04,               ,14.15015401,0.742
3156,10788461,3925.01, Kepler-1530 d ,9.20746401,2.804
3157,10788461,3925.02, Kepler-1530 b ,2.59026336,1.456
3158,10788461,3925.03, Kepler-1530 c ,5.32440344,1.485
3184,7100673,4032.01, Kepler-1542 b ,3.95116398,0.918
3185,7100673,4032.02, Kepler-1542 c ,2.89225969,0.788
3186,7100673,4032.03, Kepler-1542 d ,5.99275223,0.985
3187,7100673,4032.04, Kepler-1542 e ,5.10112466,0.951
3188,7100673,4032.05,               ,7.23524835,0.913
3204,3937814,4084.01, Kepler-1549 b ,214.8795372,2.368
3205,3937814,4084.02,               ,10.72903285,2.003
3206,3937814,4084.03,               ,8.19610407,1.217
3270,5177859,4246.01, Kepler-1576 b ,6.98474826,0.881
3271,5177859,4246.02,               ,8.75630846,0.834
3272,5177859,4246.03,               ,5.558328,0.674
3292,4548011,4288.01, Kepler-1581 b ,6.28385406,0.83
3293,4548011,4288.02,               ,9.08742267,0.829
3294,4548011,4288.04,               ,13.95134254,0.828
3344,3645438,4385.01, Kepler-1600 c ,7.29810443,1.586
3345,3645438,4385.02, Kepler-1600 b ,386.3728943,2.976
3346,3645438,4385.03,               ,17.3702977,1.526
3406,9100953,4500.01, Kepler-1610 b ,8.70179277,1.254
3407,9100953,4500.02,               ,44.9847468,1.789
3408,9100953,4500.03,               ,14.75102769,1.405
3421,5003670,4524.01, Kepler-1962 b ,7.99141011,1.042
3422,5003670,4524.02,               ,4.52626961,0.888
3423,5003670,4524.03,               ,3.33932408,0.823
3539,8397947,4772.01,               ,3.38085113,1.807
3540,8397947,4772.02, Kepler-1705 b ,9.01805462,1.606
3541,8397947,4772.04,               ,5.14993121,1.528
3911,5629353,6132.01,               ,33.32018333,7.261
3912,5629353,6132.02, Kepler-1640 b ,7.58456219,3.007
3913,5629353,6132.03,               ,11.86688351,2.284
3915,6221385,6145.01, Kepler-1641 b ,19.67274719,2.851
3916,6221385,6145.02, Kepler-1641 c ,32.65782278,2.785
3917,6221385,6145.03,               ,7.31364738,1.751
